name,street,housenumber,postcode,city,district_guess,lat,lon,is_chain,dist_to_kufstein_km,competitors_within_10km,nearest_competitor_km,website,phone
14Quadrat Augenoptik,,,,,,47.8562118,12.1275451,False,30.487479246872553,17,0.06362493160531611,https://14quadrat.de/,
Abele Optik,,,,,,47.8553101,12.1248122,False,30.408069567427813,17,0.040526665043122224,https://www.abele-optik.de/filialfinder/rosenheim,
Abele Optik,Theresienstraße,5,85049,Ingolstadt,,48.7642812,11.4236869,False,142.40740511811137,15,0.06284496014824174,,
Abele Optik,Laurinweg,11,85521,Ottobrunn,,48.0641648,11.6633475,False,65.35422868601358,59,0.14422043884292662,,
Abele Optik,Harderstraße,1,85049,Ingolstadt,,48.7653728,11.4233218,False,142.52957877486446,15,0.12429530734563271,,
Ace & Tate,Schellingstraße,19,80799,München,,48.1499069,11.5768597,False,76.84657247852181,150,0.04582372474937846,,
Ace & Tate,Gärtnerplatz,1,80469,München,,48.1318347,11.5766301,False,75.22236294892197,160,0.011072450405026368,,
Adam,Kirchenstraße,5,82327,Tutzing,,47.9098464,11.276724,False,75.80391714646896,0,10.879145914938295,,
Adler&Luchs,Ludwigstraße,95,84524,Neuötting,,48.2405542,12.6875919,False,82.75444186341124,5,0.034631129190181915,https://www.adlerundluchs.de/,+49 8671 70715
Aktiv Optik,Ludwigstraße,18,83435,Bad Reichenhall,,47.7240244,12.8786564,False,55.575231541527764,3,0.045538033352437036,,+49 8651 965944
Aktiv Optik,Untere Hauptstraße,37,85354,Freising,,48.4015923,11.7478345,False,96.18042178167423,9,0.1205541966032146,https://www.aktivoptik.de/filialen#!/l/freising/untere-hauptstrasse-37/35,+49 8161 787723
Ammersee Optik,Mühlfelder Straße,21,82211,Herrsching am Ammersee,,47.9963055,11.1754316,False,87.13722171117223,6,0.2638348226373713,,
Andre Augenoptik,Riederweg,13,85276,Pfaffenhofen a.d. Ilm,,48.5311426,11.5091027,False,116.17467263134863,5,0.13013977687611047,https://www.andreaugenoptik.de/,+49 8441 7 22 77
André Optik,Wasserburger Landstraße,264,81827,München,,48.1113366,11.7087795,False,67.93476865312637,67,0.5908474650967891,https://www.andre-optik.de,+49 89 4300013
Andy wolf,,,,,,48.1398639,11.5748129,False,76.02476535555016,155,0.0775591943376104,,
Anja Kolbe,,,,,,48.1132409,11.700481,False,68.43028140034798,96,0.061305638550821086,https://www.optik-trudering.de,+49 89 430 1077
Apollo,Willy-Brandt-Platz,5,81829,München,,48.1321597,11.6909099,True,70.60308999821139,122,0.06817984511492485,,
Apollo Optik Geretsried,Karl-Lederer-Platz,9,82538,Geretsried,,47.8750054,11.4658376,True,61.64362392723746,5,0.09639501534280157,https://www.filialen.apollo.de/bayern/geretsried/karl-lederer-platz-9.html,
Apollo-Optik,,,,,,48.5295745,11.5068536,True,116.08733596911341,5,0.1286423309875122,,
Apollo-Optik,Ludwigstraße,3,85049,Ingolstadt,,48.7643174,11.4247415,True,142.38087809273486,15,0.06958635098232191,https://www.apollo.de/filialen/ingolstadt/ludwigstr-3-7404,+498411260142;+498002765566
Apollo-Optik,Lenbachstraße,46,86529,Schrobenhausen,,48.5605308,11.2646206,True,127.66930874356167,2,0.047328897406445344,,
Apollo-Optik,Rotkreuzplatz,2,80634,München,,48.1525169,11.5333636,True,78.98086972247602,150,0.07627750773738712,,+49 89 13060484
Apollo-Optik,Stadtplatz,40,84453,Mühldorf am Inn,,48.2417518,12.5234066,True,77.89361584323044,7,0.041045502565648324,,
Apollo-Optik,Färberstraße,3,86633,Neuburg an der Donau,,48.734425,11.1824476,True,147.35294407275492,3,0.024455336114801194,,
Apollo-Optik,Hauptstraße,1,82256,Fürstenfeldbruck,,48.1770551,11.2554525,True,94.74707237911291,19,0.12928784675897545,https://www.apollo.de/,
Apollo-Optik,Morsestraße,1,85716,Unterschleißheim,,48.2909094,11.5703094,True,90.35861323323599,16,1.0958662543628794,https://www.apollo.de/,+498931605491
Apollo-Optik,Maximilianstraße,14,83278,Traunstein,,47.8679906,12.6451665,True,47.78004739610943,7,0.03567586719628635,,
Apollo-Optik,Bahnhofstraße,98A,82166,Gräfelfing,,48.1190251,11.4288355,True,81.1164253101832,68,0.05002902127846001,,
Apollo-Optik,Max-Weber-Platz,2,81675,München,,48.1352842,11.5976097,True,74.63146943541916,151,0.35418609105754123,,
Apollo-Optik,Schleißheimer Straße,506,80933,München,,48.212691,11.5633682,True,83.1921354514988,121,2.0281308604089623,https://www.apollo.de/filialen/muenchen/schleissheimer-str-506-7482,+49 89 31813620
Apollo-Optik,Bräuhausgasse,2,85435,Erding,,48.3070248,11.9075005,True,82.75786652722509,7,0.05629182347996708,https://filialen.apollo.de/bayern/erding/braeuhausgasse-2.html,+49 8122 7018723
Apollo-Optik,,,84478,,,48.2076738,12.4021312,True,71.61162352098678,7,0.08269148674775842,https://www.apollo.de/,
Apollo-Optik,Untere Hauptstraße,20,85354,Freising,,48.4012441,11.7460176,True,96.18774324783702,9,0.019337297048608988,https://www.apollo.de/filialen/freising/untere-hauptstr-20-7405,+49 8161 4965384
Apollo-Optik,Leopoldstraße,64,80802,München,,48.1598465,11.5859599,True,77.37085292290757,148,0.09249564446617228,,
Apollo-Optik,Marktstraße,34,83646,Bad Tölz,,47.7609149,11.5597055,True,49.55466804350294,4,0.039693661629478745,,
Apollo-Optik,Kaufingerstraße,12,80331,München,,48.1375847,11.5739182,True,75.85806359094522,158,0.04630642363737522,https://www.apollo.de/filialen/munchen/kaufingerstr-12-6039,+498933066610
Arabella Optik,,,,,,48.1509572,11.6202073,False,75.1399197138338,145,0.06460074147650445,,
Auge & Mode,Bergstraße,4,82131,Gauting,,48.0687515,11.3784593,False,79.85312680337469,26,0.03865749647697773,,
Auge und Brille,Hauptstraße,18,82140,Olching,,48.2089147,11.330427,False,93.41463085495609,23,0.7983065408605108,https://auge-und-brille.de/,+49 8142 6550889
Augenart,Sollner Straße,42,81479,München,,48.0781831,11.5256654,False,72.92366997723929,131,0.2985123974178976,https://www.augenart-muenchen.de/,
Augenblick,Schloßstraße,14a,82031,Grünwald,,48.0412144,11.5240419,False,69.96860367889941,37,0.09467879146986041,https://www.augenblick-gruenwald.de/,+49 89 64914730
Augenhaus Hartmann,,,,,,47.8402301,12.9819565,False,67.35517075064604,3,0.10387614304697178,,
Augenoptik Deuschle GmbH,Wolfratshauser Straße,204,81479,München,,48.0815507,11.5289828,False,73.04401761338687,144,0.21202423247696184,https://www.augenoptik-deuschle.de/,+49 89796785
Augenoptik Einwang,Raglovichstraße,2,,,,48.1597738,11.5407683,False,79.30061579717025,150,0.8026770465623675,https://www.optik-einwang.de/,+49 89 151333
Augenoptik Forscht Hörakustik,,,,,,48.9279315,11.4569202,False,158.47982451331023,0,11.782035585880207,,
Augenoptik Geppert,Theresienstraße,61,85399,Hallbergmoos,,48.3197722,11.7468036,False,87.65924798857615,15,6.183703798141559,https://www.augenoptik-geppert.de/,+49 811 2622
Augenoptik Heilmeier & Kassebaum,Marienplatz,13,86956,Schongau,,47.8113223,10.8970237,False,98.34528615293394,4,0.04884021710049505,,
Augenoptik Häckl GmbH Holzkirchen,Marktplatz,19,83607,Holzkirchen,,47.8774547,11.7011004,False,47.775368113586936,1,0.1172999443104932,,+4980244771380
Augenoptik Pfeiffer,Egerlandstraße,59,82538,Geretsried,,47.8758723,11.4658375,False,61.69403473634807,5,0.09639501534280157,https://www.augenoptikpfeiffer.de/,+49 8171 62020
Augenoptik Rauscher,Münchner Straße,42,82008,Unterhaching,,48.0719531,11.6063911,False,68.57065672531424,133,0.7664366672536563,,
Augenoptik Schmetterer,,,,,,47.8538508,12.3449334,False,32.906257640730495,3,0.1852748292064851,https://www.schmetterer.de,+49 8051 1444
Augenoptik Yvette Simon,,,,,,48.2070499,11.1604764,False,102.16675409288369,6,6.913901607005387,,
Augenoptik-Faust,,,82467,,,47.4941376,11.1107815,False,79.88151749358477,5,1.230570289920599,https://www.o-pal.de,+49 8821 942040
Augenoptik-Waurick,,,,,,47.4944514,11.0931895,False,81.18752496237862,5,0.08534141073536385,,
Augenoptiker Augenstern,Sternstraße,26,80538,München,,48.1402187,11.5912211,False,75.35273628544384,154,0.21146925612134165,,
Augenprojekt,Pollinger Straße,23,,,,48.1069828,11.2998914,False,87.0351971604574,26,0.26736047500388654,https://www.augenprojekt.de/,+498105777480
Bajohr,Wilhelmstraße,10,80801,München,,48.1598018,11.5832684,False,77.47931972770657,147,0.04226080154069362,,
Barbarino,,,,,,48.2429495,12.5220943,False,77.98543407198854,7,0.15331139094003093,,
Beltan Optik,Karwinskistraße,52,81247,München,,48.1683032,11.4655413,False,83.46268720696676,127,2.1422266342622978,https://beltanoptik.de,+49 89 8100 9884
Blickfang Optik,,,,,,48.7369176,11.1832495,False,147.56347382589348,3,0.21503349159921287,,
Blickpunkt,,,,,,47.9979518,11.3426403,False,76.91306270414748,6,0.07981069907103748,,
Brauer Augenoptik,Maximilianstraße,18,85290,Geisenfeld,,48.6851065,11.6128172,False,129.22579680990108,4,0.052519973045615086,https://brauer-augenoptik.de,+49 8452 7345565
Brille & Linse,Dachauer Straße,280,80992,München,,48.181583,11.5112402,False,82.55211948419226,143,0.16558781316414745,,
Brille & Linse,Dachauer Straße,421,80992,München,,48.1802991,11.5123717,False,82.38747409941185,142,0.16558781316414745,,
Brille & Optik,,,,,,48.1494797,11.4593905,False,82.14194555364588,130,0.186303186829779,,+49 89 88 83 85
Brillen Berner,,,,,,48.1199455,11.4913636,False,78.10281174651405,149,1.0777572820050239,,
Brillen Burg,,,,,,48.5609563,11.2646042,False,127.71007336333557,2,0.047328897406445344,https://www.brillen-burg.com/index.php/brillen-burg.html,+49 8252 1523
Brillen Häusler,Am Schützeneck,10,81241,,,48.1480069,11.4605877,False,81.95955839720774,130,0.062309441834166666,http://www.brillen-haeusler.de/,+49 89 886561
Brillen Müller,Ingolstädter Straße,30,85077,Manching,,48.7171606,11.4896944,False,135.71384915696888,16,5.017547784334016,https://www.mueller-manching.de/,+49 8459 2324
Brillen Müller,Fürstenrieder Straße,53,80686,München,,48.1364684,11.503329,False,78.9476071594039,151,2.040635366122237,https://www.brillenmueller.de,
Brillen Scheere,,,,,,48.6036986,11.6263803,False,120.34971662122935,4,4.321126431158667,,
Brillen Schneider,Amalienstraße,33,80799,München,,48.1480014,11.5767472,False,76.67823690288245,150,0.1700990751425309,,
Brillen Schneider,Türkenstraße,23,80799,München,,48.148817,11.5748075,False,76.83537556306612,150,0.1700990751425309,,
Brillen Wachter,Hauptstraße,29,82256,Fürstenfeldbruck,,48.1791942,11.2543373,False,94.97152044938417,17,0.05176518153446707,https://www.brillen-wachter.de/,
Brillen Winkler,Züricher Straße,37,81476,München,,48.0945531,11.4991261,False,75.59256100000448,151,1.5111226731092942,https://brillen-winkler.de/,
Brillen Winkler,Heiglhofstraße,4,81377,München,,48.1150287,11.478852,False,78.29628941791263,147,1.0777572820050239,https://brillen-winkler.de/filialen/heiglhof/,+49 89 7409511
Brillen Wohlfarth,,,,,,47.8510575,12.1241741,False,29.942806230918006,17,0.3065954851362625,,
Brillen-Atelier,,,,,,48.1995017,11.3733749,False,90.51750810359786,31,2.929158002357248,https://brillenatelier-groebenzell.de/,
Brillen-Galerie,,,,,,48.2979711,11.6246865,False,89.13547612313445,14,0.07955542045428382,,
Brillenhaus Högl,Nymphenburger Straße,155,80634,München,,48.1523601,11.5343646,False,78.92229379900682,150,0.04900275003273005,,
Burg Optik Sichtbetont,Rosenstraße,C 109,86633,Neuburg an der Donau,,48.735138,11.182102,False,147.43425761942555,3,0.08323493242977864,,
ByEder,Berliner Straße,15,84478,Waldkraiburg,,48.2071795,12.4029649,False,71.57362932092143,7,0.08269148674775842,https://byeder.com/,+49 8638 810310
Bücheler,Am Kurpark,,82467,Garmisch-Partenkirchen,,47.4934212,11.0887419,False,81.5336628031939,5,0.16982252619526209,,
Camby Optic,,,,,,47.9132149,11.4277858,False,66.31617340835659,5,0.1804989930419468,https://www.cambyoptic.de/,
Caroline Heussen,Buttermelcherstraße,3,80469,München,,48.1329141,11.5772029,False,75.29447806546213,160,0.1133122381781776,,
Carpion,,,,,,47.7626241,12.6464777,False,41.08603846065165,1,7.506228272661647,,
City Optik,,,,,,48.137837,11.56456,False,76.28978899709722,155,0.10410914433524619,,
CityOptik Wildmoser,,,,,,48.5306493,11.5075,False,116.17518829565346,5,0.1286423309875122,,
Colin,,,,,,48.1052387,11.76547,False,65.30586223816,31,0.08385881280780381,,
DOCKs. Optic & Akustic GmbH,Kurfürstenplatz,3,80796,München,,48.1597095,11.5746268,False,77.83473324471555,147,0.4716774338772669,,
Das Brillenhaus 17,,,,,,48.1339801,11.3840168,False,84.61204750221901,41,1.516697303588571,,
Der Alpenoptiker,Chamonixstraße,11,82467,Garmisch-Partenkirchen,,47.4946877,11.0944226,False,81.09227450368957,5,0.09629695264002423,,
Der Brillenmacher,Obere Hauptstraße,13,85354,Freising,,48.3999726,11.7429602,False,96.12858010830627,9,0.04700166566536761,https://www.der-brillenmacher.com/,+49 8161 50580
Der Brillenmacher,Bahnhofstraße,117,82269,Geltendorf,,48.1112515,11.0363122,False,102.76964694016351,0,13.524479639530853,,
Der Optiker,Bahnhofplatz,1,85598,Vaterstetten,,48.0972099,11.7856494,False,63.82975074422521,28,0.14938943645378858,,
Dick Optik,,,,,,48.1681518,11.5652667,False,79.00177988335729,142,0.8802095325696773,,
Die Brille,Untere Hauptstraße,24,85354,Freising,,48.4013183,11.7462545,False,96.18980230544312,9,0.019337297048608988,,+49 8161 3738
Die Brille,Hauptstraße,5,82223,Eichenau,,48.1716266,11.3225364,False,90.79198073309584,22,0.2850027541881446,https://die-brille-olching.de/,+49 8141 71303
Die Brille,,,,,,48.2129239,11.3393641,False,93.30373035342546,23,0.7983065408605108,,
Die Brillenecke,,,,,,48.0886436,10.852226,False,113.06234507078092,7,0.04551952814009944,,
Die Brillenfabrik München,Vesaliusstraße,10,80999,München,,48.1896201,11.4650493,False,85.33885859156155,103,0.6200750753533159,https://brillenfabrik.de/muenchen-allach/,+49 89 81896811
Die Brillenmacher,,,,,,48.1049146,11.4159165,False,80.64328173774399,51,0.030929242782806024,,
Die Optikerin,Bahnhofstraße,8,83093,Bad Endorf,,47.9074775,12.2992247,False,37.38405994472927,2,6.686046027299375,,
Dirk Ibrom,Hauptstraße,4,,,,49.0337878,11.4748229,False,169.20755022614853,2,0.15323950165185338,,
Dr. Sonner Dr. Pach,Kirchplatz,6,82049,Pullach i. Isartal,,48.0566683,11.5230225,False,71.27533178329257,85,0.009260840278704266,,
Drums Augenoptik,Obere Bahnhofstraße,11,85604,Zorneding,,48.0875772,11.8308843,False,61.420386492247204,10,3.4664527834463206,https://drums-augenoptik.de/,+49 8106 999876
Drums Familienoptiker,Zugspitzstraße,2,85591,Vaterstetten,,48.104526,11.7658393,False,65.22289412048083,31,0.08385881280780381,,
Duo Optik,Pettenkoferstraße,22,85053,Ingolstadt,,48.7555263,11.4438392,False,140.93697261795808,15,1.4987991235764004,https://www.duo-optik.de/,+49 841 66444
EURO Eyes Augenlasern,Frauenplatz,10,80331,München,,48.1382694,11.5743605,False,75.90054833716188,158,0.0172743971670215,,
Eichinger,Ringstraße,12,92339,Beilngries,,49.0333748,11.4728175,False,169.208751382612,2,0.06380667997456514,https://www.tolle-brillen.de/,
Eichinger optic art,Ringstraße,12,,,,49.0335784,11.4719992,False,169.24865046600672,2,0.06380667997456514,https://tolle-brillen.de/,
Emberger Optik,,,,,,47.7886781,11.8316723,False,33.91858490990257,7,0.0537518476731748,,
Eye Spy Optik,Feilitzschstraße,13,80802,München,,48.1616221,11.587682,False,77.46242709444478,147,0.016339783649739075,,
FUNK Optik München,Hohenzollernstraße,22a,80801,München,,48.160109,11.5824215,False,77.54299449378145,147,0.03451278303917831,https://funkeyewear.com/pages/funk-optik-store-munchen,+49 89 2877 9999
FUNK Optik Sehzentrum Kinsau,Gewerbestraße,9,86981,Kinsau,,47.8795806,10.8958214,False,100.59581502938347,4,7.10363623317352,https://www.funkoptik.com,+49 8869 9129191
Factory Pilots GmbH,,,,,,48.298058,11.623619,False,89.18011564390503,14,0.07955542045428382,,
Fegg,,,,,,47.8517609,12.1166741,False,30.085209556602067,17,0.2594118469226513,,
Fetzer Optik,Stadtplatz,6,85368,Moosburg a.d. Isar,,48.4681103,11.9357032,False,99.87486000668005,4,0.06240658031855882,https://www.fetzer-moosburg.de/augenoptik/,+49 8761 2428
Fielmann,Färberstraße,4,86633,Neuburg an der Donau,,48.7342103,11.1823753,True,147.33494032084903,3,0.024455336114801194,,
Fielmann,Stadtplatz,27,84453,Mühldorf a. Inn,,48.2420697,12.5236883,True,77.9339798538603,7,0.041045502565648324,https://www.fielmann.de/,
Fielmann,Tal,23-25,80331,München,,48.135905,11.5802401,True,75.4322719980824,158,0.11119612803256719,,
Fielmann,Weißenburger Straße,21,81667,München,,48.1285464,11.5982446,True,73.99096622518141,158,0.0680895194504962,,
Fielmann,,,,,,47.4940403,11.0908082,True,81.37082842270954,5,0.11073350526933681,,
Fielmann,Münchner Straße,42a,85221,Dachau,,48.253783,11.4401206,True,92.14088883941331,19,0.02322044439820014,,
Fielmann,Ludwigstraße,20,83435,Bad Reichenhall,,47.7243366,12.8790504,True,55.61317549997055,3,0.045538033352437036,,
Fielmann,Obere Hauptstraße,50,85354,Freising,,48.4003623,11.7432068,True,96.16346192923008,9,0.04700166566536761,https://www.fielmann.de/niederlassungen/freising/85354-obere-hauptstr-6/,+49 8161 14180
Fielmann,Maximilianstraße,17,83278,Traunstein,,47.8681327,12.6455953,True,47.81450412803896,7,0.03567586719628635,,
Fielmann,Moritzstraße,3,85049,Ingolstadt,,48.7638159,11.4241736,True,142.34583263608914,15,0.06284496014824174,,
Fielmann,Lange Zeile,15,,,,48.3080901,11.908091,True,82.86277823835779,7,0.08136910421846741,https://www.fielmann.de/niederlassungen/erding/85435-lange-zeile-15/,+49 8122 227280
Fielmann,Willy-Brandt-Platz,5,81829,München,,48.132161,11.6918286,True,70.56877853339643,122,0.06817984511492485,,
Fielmann,Marienplatz,12,82362,Weilheim in Oberbayern,,47.8395528,11.1420422,True,81.78736272525194,4,0.038992962828391174,,+49 881 9277180
Fielmann,Leopoldstraße,29,80802,München,,48.1583547,11.584669,True,77.28785579193716,148,0.020213833118921252,,
Fielmann,Hauptstraße,14,82256,Fürstenfeldbruck,,48.1782178,11.2554446,True,94.83708018766626,18,0.08817283030821897,https://www.fielmann.de/niederlassungen/fuerstenfeldbruck/82256-hauptstrasse-14/,+49 8141 347070
Fielmann,Plinganserstraße,51,81369,München,,48.1168315,11.5403468,True,75.52472509399264,159,0.10508872478576645,,
Fielmann,Sonnenstraße,1,80331,München,,48.1385776,11.5657061,True,76.3059046465986,155,0.018024489257180875,https://www.fielmann.de/niederlassungen/muenchen/80331-sonnenstrasse-1/,+49 89 593108
Fielmann - Ihr Optiker,Wittelsbacherstraße,5,82319,Starnberg,,47.9973708,11.3420105,True,76.91231029367258,6,0.07981069907103748,,+49 8151 4449660
Fischl Optometrie,Ludwigstraße,79,84524,Neuötting,,48.2407141,12.6869643,False,82.7481881476011,5,0.049762565484728856,https://www.fischl-optometrie.de/,+49 8671 70717
Fleissner Optik,Limesstraße,64,81243,München,,48.1468513,11.421421,False,83.77134919763071,61,2.8320816718510633,,
Flotzinger Augenoptik GmbH,,,,,,48.8112177,11.5022246,False,145.14776623910126,14,3.4444016623194735,,
FreudenHaus,Hohenzollernstraße,4,80801,München,,48.1594811,11.5848027,False,77.38565204709953,146,0.06969793807006804,https://www.freudenhaus.com/,+49 89 333330
FreudenHaus Optik,Odeonsplatz,15,80539,München,,48.1431368,11.5781951,False,76.17480665731308,153,0.16527454418710702,https://www.freudenhaus.com/,+49 89 333336
Fuchs,,,,,,48.5290761,11.5084825,False,115.9860991683082,5,0.13213201729340504,,
Förster,Marienplatz,13-15,82362,Weilheim in Oberbayern,,47.8393499,11.1413715,False,81.82668822437722,4,0.04122246863184885,,
Fünf Höfe Optik,Theatinerstraße,11,80333,München,,48.1402526,11.5756808,False,76.02228720508597,155,0.0775591943376104,,
Gaudek,,,,,,48.2153441,11.530939,False,84.76740270947182,113,0.15114700656367228,,
Geiger Optik,Ludwig-Thoma-Straße,48,85521,Ottobrunn,,48.0636919,11.6801921,False,64.59592430907811,49,0.35160815438385584,,
Gute Brillen,,,,,,48.1363921,11.5405178,False,77.2319032254909,158,0.08329851475203899,,
GÖB,,,,,,48.1477385,11.6051436,False,75.45818271456646,146,0.0274436937824065,,
Götz,,,,,,48.0604817,12.2325381,False,53.287451525764766,3,0.18654626627087695,,
Gück,,,,,,48.357722,11.3821265,False,104.05083346181921,3,0.2527840988295135,,
HOFMAIR OPTIK,Marktstraße,26,83646,Bad Tölz,,47.7609188,11.5591745,False,49.59130624593762,4,0.039693661629478745,https://www.hofmair-optik.de/,
Hafner,,,,,,47.8440512,12.0645746,False,29.984081606071197,17,0.8871766348417279,,
Heidelberg Augenoptik,,,,,,48.0493791,10.8763793,False,109.39867073170005,7,0.046728678522916976,,
Herder Optik,,,,,,47.711181,11.7243844,False,36.05674864415856,5,2.2910542671196175,,
Horak Optik,,,,,,48.0518511,10.8774416,False,109.45736616707667,7,0.19773117332111037,,
Hortkorn,,,,,,48.1375076,11.5754238,False,75.78568470056915,157,0.1102297377566713,,
Huber Optik,Rotter Straße,12a,85567,Grafing bei München,,48.0462886,11.9695381,False,53.545684372302325,6,0.22714506286218394,https://www.huber-optik.de/,+49 80 92 853 90 30
Hutter,,,,,,48.5274889,11.5114338,False,115.73395536630044,5,0.27996596077010516,,
Häckl,,,,,,47.8562054,12.1266924,False,30.492965527093407,17,0.06362493160531611,,
Häutle,Schleißheimer Straße,31,85221,Dachau,,48.2579846,11.4420307,False,92.43480313609648,16,0.4748106381270962,,
Hören + Sehen am Marienplatz,Marienplatz,5,,,,47.8108928,10.8971606,False,98.32346332979265,4,0.04884021710049505,https://www.hoeren-sehen.info/,+49 8861 4528
IhrSehland & Optik Pirzer,Bahnhofstraße,21,82216,Maisach,,48.2149495,11.2580063,False,97.58035687817195,13,3.985103024186899,https://ihrsehland.de/,+49 8141 94960
Individuell Optik,Rosenheimer Landstraße,69b,85521,Ottobrunn,,48.0622466,11.6634248,False,65.17691205100579,52,0.15840517012399274,,
Ischwang,,,,,,48.1486818,11.6062027,False,75.50145673638316,146,0.10361545483768639,,
John & Audrey,Sendlinger Straße,7,80331,München,,48.1358941,11.5721853,False,75.78142446191785,158,0.059367800769583874,,
Jules & Mel,Innere Wiener Straße,24,81667,München,,48.1333916,11.5937708,False,74.62262046804724,155,0.35418609105754123,,
Julinek,,,,,,47.8691887,12.6445426,False,47.83322871106595,7,0.11366213262186428,,
Jäger,,,,,,47.9990138,11.3419038,False,77.02740945464376,6,0.1301849189002779,,
KIND,Tölzer Straße,2,83607,Holzkirchen,,47.8764443,11.7006484,False,47.72345268592609,1,0.1172999443104932,,
KIND Hörgeräte & Augenoptik,,,,,,47.6792852,11.2011535,False,73.13498569200758,1,0.28860304760346983,,
KRASS Optik,,,,,,48.1284172,11.6010932,False,73.85758417471347,158,0.02666626045159593,https://www.krass-optik.com/,
KRASS Optik,,,80331,München,,48.1351614,11.581242,False,75.3217465137493,160,0.11119612803256719,,
Kammermeier,Hohenzollernstraße,18 1/2,80801,München,,48.1598635,11.5827062,False,77.50853938304346,147,0.03451278303917831,https://www.kammermeier-optik.de/,
Kanppe,,,,,,48.2049125,12.4058751,False,71.38331582786866,7,0.33174550415806126,,
Kind,Professor-Max-Lange-Platz,14,83646,Bad Tölz,,47.7588651,11.5833714,False,47.842024784940826,4,1.6617939358803981,,
Kind,,,,,,47.913361,11.4252892,False,66.48065334035128,5,0.0275783995119947,,
Kind,Bahnhofstraße,21,82377,Penzberg,,47.7508112,11.3747586,False,62.15896556580329,2,0.06877808504803946,https://www.kind.com/de-de/fachgeschaefte/Penzberg/,+49 8856 935057
Kitschenberg - Optik im Lehel,Sankt-Anna-Straße,15,80538,München,,48.1399105,11.5866204,False,75.52079463507297,154,0.13238600629326092,https://www.kitschenberg.com/,+49 89 21938832
Klaunig,,,,,,47.759371,11.7359513,False,37.73012719231042,10,5.4278636012272585,,
Kosmed,,,,,,48.138323,11.574579,False,75.89589205452177,158,0.0172743971670215,,
Krone Optik,Luitpoldstraße,2a,82211,Herrsching am Ammersee,,47.9984943,11.1777618,False,87.11674079918154,6,0.07526984094152446,https://www.krone-optik.de/,+49 8152 9614-0
Köstlin Optik,,,,,,47.9719014,11.653836,False,57.75639799965474,6,7.017826724383608,https://www.koestlin-optik.de/sauerlach.html,+49 8104 668287
Köstlin Optik,Bahnhofstraße,27,82041,Oberhaching,,48.0192,11.5867766,False,65.0033790701635,28,0.25336869984233057,,+49 89 6136036
LIDA Sehen und Aussehen,Herrnstraße,14,85368,Moosburg a.d. Isar,,48.4675779,11.9369012,False,99.80126501572089,4,0.020210603986889224,https://lida-moosburg.de/,+49 8761 2311
LOTHUS optic,Sendlinger Straße,56,80331,München,,48.1345032,11.5684197,False,75.8214676704865,156,0.022031247740839425,,
Lang,Tillyplatz,,84503,Altötting,,48.2250674,12.6764759,False,80.84771646806003,5,1.8744435749617663,https://www.hanslang.de/,
LeNi OPTIK,Josef-Frankl-Straße,62,80995,München,,48.2158331,11.5290356,False,84.89173548775508,110,0.15114700656367228,,+49 89 3148049
Lebi Optik,Lange Zeile,31,,,,48.3088218,11.9081061,False,82.94162016769603,7,0.08136910421846741,https://www.lebioptik.de/,+49 8122 900117
Leo Optik,,,,,,48.0998856,11.6315056,False,69.9637297132043,149,0.043255860654726794,https://www.leo-optik.de,
"Lindner Benno, Optik & Hörakustik",Rathausstraße,1b,83727,Schliersee,,47.7343777,11.8643913,False,28.192864219007063,9,2.6879492678765673,,+49 8026 6475
Lohhof Optik Loop,Bezirksstraße,38,85716,Unterschleißheim,,48.2820554,11.5773548,False,89.24513870015153,19,0.16869081870567673,,
Lothus Optik,Triftstraße,1,80538,München,,48.1399296,11.5884043,False,75.44635260557139,155,0.13238600629326092,https://www.lothus-optic.de,+49 89 9736 8100
Lothus optic,Reichenbachstraße,5,80469,München,,48.133808,11.5764698,False,75.40688164181479,158,0.1133122381781776,https://www.lothus-optic.de/,+49 89 32606707
Luitpold Optik,,,,,,47.8515828,12.1201405,False,30.034383086717153,17,0.2041989493813912,,
Lunettes Royal,Rosenkavalierplatz,11,81925,München,,48.151512,11.6204657,False,75.18118306325908,145,0.06460074147650445,https://www.lunettes-royal.de,
MATT,,,,,,48.0618372,12.2298576,False,53.41949341523851,3,0.1024052022020091,https://matt.de/standorte/optiker-wasserburg-am-inn/,+49 8071 40676
MATT optik,Bezirksstraße,11a,85716,Unterschleißheim,,48.2831473,11.5794358,False,89.27455761571059,18,0.03235168007262394,,
MATT optik,Herrnstraße,15,85368,Moosburg a.d. Isar,,48.4677555,11.9368429,False,99.82145885718707,4,0.020210603986889224,https://matt.de/,
MATT optik,Jugendheimweg,1,86956,Schongau,,47.8157265,10.8987552,False,98.34377248453393,4,0.5065059572840619,,
MATT optik,Rotkreuzplatz,8,80634,München,,48.1531975,11.5321366,False,79.09608111762235,150,0.1183745735694943,,
MATT optik,Ingolstädter Straße,166,80939,,,48.2024278,11.5859929,False,81.32646096832008,128,2.0281308604089623,,
Maiterth,Stadtplatz,46,84453,Mühldorf am Inn,,48.2413778,12.5238524,False,77.86591168245205,7,0.053097836383432274,,
Matikainen,Marktstraße,2,83734,Hausham,,47.7626627,11.8273614,False,32.30055061161865,10,1.5206331081239477,,
Matt,Mühlstraße,8,86911,Dießen am Ammersee,,47.948252,11.1045782,False,89.15420303994505,6,0.24125692707050173,https://www.matt.de/,+49 8807 1811
Matt,Untere Hauptstraße,1,85354,Freising,,48.4010484,11.7444964,False,96.20409328947586,9,0.11438947223027064,https://matt.de/standorte/optiker-hoerakustiker-freising/,+49 8161 147870
Matt Optik,Bahnhofsweg,4,82008,Unterhaching,,48.0659663,11.6115028,False,67.81192987951928,118,0.7664366672536563,,
Matt Optik,,,,,,47.998508,11.1767504,False,87.18162073019394,6,0.07526984094152446,https://matt.de/,
Matt Optik,Hauptstraße,30,82256,Fürstenfeldbruck,,48.1789251,11.254907,False,94.92033612511874,18,0.05176518153446707,https://www.matt.de/,
Matt Optik,Marktgasse,4,85072,Eichstätt,,48.8931383,11.1844596,False,162.79992490317224,1,0.11667321761165844,,
Matt-Optik,,,,,,47.8532004,12.121436,False,30.202020196723637,17,0.2041989493813912,,
Maxhof Optik,Steinkirchner Straße,28,81475,München,,48.0882328,11.4794247,False,76.0515040997661,112,1.092999806873306,https://www.maxhof-optik.de/,+49 89 7551366
Meierin Optik,Marienplatz,7,83043,Bad Aibling,,47.8636036,12.0103673,False,33.28988326149756,18,0.07775507652977356,https://www.optik-meierin.de/,+49 8061 2233
Meirandres,,,,,,47.8507687,12.0581599,False,30.82974724427901,17,0.8871766348417279,,
Meirandres,Dorfplatz,2,83620,Feldkirchen-Westerham,,47.909675,11.8459412,False,43.499704451528636,4,0.09293008555394884,,
Meister Ederer,Kapuzinerstraße,31,80337,München,,48.1254268,11.5612301,False,75.3307891638449,159,0.9482962384897107,,
Meister Optik,Rosenheimer Straße,40,81669,München,,48.1292213,11.5926737,False,74.29114516232636,159,0.05662009941730254,https://www.meister-optik.de/,+49 89 48950630
Meyer Optik,,,,,,48.1547769,11.6300845,False,75.10100696104212,142,0.8005953141498661,,
Miehler,,,,,,47.8693641,12.6427055,False,47.74358903717129,7,0.09804790551869426,,
Milbertshofen Optik,Pfitznerstraße,1,80807,München,,48.1837678,11.5731407,False,80.10749926491661,136,1.8319527532726871,https://www.milbertshofen-optik.de/,+49893508325
Mister Spex,,,,,,48.1835681,11.5345697,False,81.71377881125142,136,1.2976274230366145,https://www.misterspex.de,0800 72 42 007
Moderne Augenoptik,Bahnhofstraße,6,84405,Dorfen,,48.2671903,12.1584353,False,76.04773005810209,5,0.7375707084382327,https://www.moderne-augenoptik.de,+49 8081 4258
Monaco Optik,Augustenstraße,64,80333,München,,48.1493503,11.5632769,False,77.38093127631606,152,0.29231658132067845,,+49 89 521949
Monaco-Optik,Thalkirchner Straße,198,,München,,48.1124834,11.5484072,False,74.77413720854325,158,0.76930694488039,https://monaco-optik.de/,
Murnau,,,82418,,,47.6767035,11.200757,False,73.12482427844083,1,0.28860304760346983,https://www.staffelseh-optik.de/,+49 8441 99625
Mykita,,,,,,48.1384748,11.5806832,False,75.64548336273143,155,0.28763465677011646,,
Niki Optik,Heidestraße,1,85386,Eching,,48.2965112,11.6214031,False,89.1022655923198,14,0.23759724073568958,https://www.siju-schicker.de/,
Nörr Optik,Leopoldstraße,33,80802,München,,48.1588584,11.5849101,False,77.3239876585938,148,0.0587947844880285,,
OPTIC AUGENBLICK,,,,,,47.6260757,12.9988997,False,62.57273613035569,2,0.41960451338996685,,
OPTIK KNOPP,,,,,,48.1719006,11.3519983,False,89.30465482202695,34,1.3088464484305105,,
OPTIK-OTTO,Bahnhofstraße,3,82041,Oberhaching,,48.0183024,11.5899077,False,64.77346716571131,28,0.25336869984233057,https://optikotto.de/,+49 89 62830088
Oakley,Sendlinger Straße,13,80331,München,,48.1356124,11.5715057,False,75.78579538414726,158,0.059367800769583874,,
Occhial,,,,,,48.1467212,11.6037818,False,75.42086425745521,148,0.15166971983641422,,+49 89 982389
Oehm,Herrnstraße,7,85368,Moosburg a.d. Isar,,48.4676468,11.9361805,False,99.81800126318683,4,0.05031028186314998,https://www.optik-oehm.de/,
Olaf Mayr Optik Akustik,,,,,,48.0887125,10.8516219,False,113.1052220289251,7,0.04551952814009944,,
Optik + Hörgeräte Lanzinger,Bahnhofstraße,12,83064,Raubling,,47.7903281,12.1110312,False,23.39461598155906,13,5.998741059250944,https://www.optik-lanzinger.de/,
Optik Ager,,,,,,47.7789837,12.4495469,False,30.36152364878315,3,0.23801012683237152,https://www.optik-ager.de/,+49 8641 4808
Optik Bachmaier,Franziskanerplatz,6,83471,,,47.6296116,13.0008555,False,62.747876102971944,2,0.3256521926049172,https://www.optik-bachmaier.de/,+49865263010
Optik Bartholomä,Schellingstraße,13,80799,München,,48.1497522,11.5774322,False,76.80806007104974,150,0.04582372474937846,,
Optik Billard,,,,,,48.1312612,11.5761124,False,75.1934343405711,159,0.06648423863503763,,
Optik Brönner,Augsburger Straße,6,85221,,,48.2598781,11.4332463,False,92.98838702689125,13,0.030728126818822032,https://www.optik-broenner.de/,+49 8131 72075
Optik Buchecker,,,,,,47.8544707,12.1242904,False,30.31929319380912,17,0.07842478887865366,,
Optik Bucher,,,,,,47.6939668,11.7681647,False,32.29596330967902,6,1.885366465959594,,
Optik Bussmann,Diefenbachstraße,39,,,,48.0777502,11.5203222,False,73.14995200932702,121,0.3998623856797769,https://www.optikbussmann.de/,+49 89 797921
Optik Domke,Romanplatz,4,80639,München,,48.1554599,11.5108859,False,80.25337095287452,150,1.5328328636282995,https://www.optik-domke.de/,
Optik Drickl,Bahnhofstraße,22,85737,Ismaning,,48.2250256,11.672157,False,80.31617637724591,43,0.45447803317620755,https://www.optik-drickl.de/,+49 89 96 76 77
Optik Engelke,Lindenstraße,2,83043,Bad Aibling,,47.862277,12.0067078,False,33.24941226824723,18,0.31030771862158335,https://www.optikengelke.de/,+49 8061 8191
Optik Ernst,Bahnhofstraße,16,83052,Bruckmühl,,47.8816252,11.914154,False,38.172523630022766,8,0.1611499192081973,,
Optik Fassler,,,,,,48.1279501,11.3649588,False,85.12358049637207,39,0.057393642855030264,http://www.optik-fassler.de,
Optik Federleicht,Münchener Straße,6d,82024,Taufkirchen,,48.0452001,11.6184508,False,65.68009390809446,58,1.0784017107838784,,
Optik Federleicht,Münchener Straße,9,83620,Feldkirchen-Westerham,,47.9092666,11.8448534,False,43.506810456549026,4,0.09293008555394884,https://www.optik-federleicht.de/,+49 8063 9721431
Optik Feierfeil,Bahnhofstraße,8,85375,Neufahrn b. Freising,,48.3140137,11.6635301,False,89.47703504385892,13,0.055610038289343286,https://www.optikfeierfeil.de,
Optik Ferstl,Bahnhofstraße,23,82152,Planegg,,48.1037611,11.4190422,False,80.38943987765443,50,0.2450568751568898,https://www.optik-ferstl.de/,
Optik Foto Waldemair,Ludwigstraße,20,85049,Ingolstadt,,48.7642257,11.4267495,False,142.3140283724006,15,0.02542749020611204,,
Optik Franz,,,,,,48.3950458,11.7593821,False,95.2156726248825,9,1.1210298903404414,,+49 8161 84916
Optik Gabriel,Bahnhofstraße,22,83229,Aschau im Chiemgau,,47.7782759,12.3243913,False,24.68607101268992,4,8.542393447996323,https://optik-gabriel.de/,+49 8052 4700
Optik Gahbauer,,,,,,48.1908183,11.8687411,False,71.11275533651944,5,0.06401571135278372,,
Optik Geisler,,,,,,48.1287472,11.5955458,False,74.12479059321646,156,0.14049632437273848,,
Optik Geisreiter,Lindenstraße,20,83395,Freilassing,,47.8399231,12.9801455,False,67.21815728010294,3,0.130833333500105,https://www.optik-geisreiter.de/,+49 8654 69303
Optik Geith,Neue Poststraße,9,85598,Vaterstetten,,48.0982024,11.7870052,False,63.883501357971454,26,0.14938943645378858,https://www.optik-geith.de/,+49 8106 7069
Optik Gelbe,Marktplatz,4a-b,85375,Neufahrn bei Freising,,48.3172808,11.6617114,False,89.86315483806379,12,0.38738031060742567,https://www.optik-gelbe.de/,+49 8165 90 96 55
Optik Griemann,,,,,,48.1072807,11.3034645,False,86.85928611145118,27,0.26736047500388654,,
Optik Gross,Sauerlacher Straße,26,82515,Wolfratshausen,,47.9131187,11.4253682,False,66.4609654773287,5,0.0275783995119947,,
Optik Hackenberg,Alte Bergstraße,410,86899,Landsberg am Lech,,48.0496217,10.8779697,False,109.3067034149815,7,0.07620260157487531,https://optik-hackenberg.de/,+49 8191 21638
Optik Hamacher,Südliche Münchner Straße,6b,82031,Grünwald,,48.0407881,11.5251443,False,69.87778834273063,37,0.09467879146986041,https://www.optik-hamacher.de/,+49 89 6411537
Optik Hartogs,Leopoldstraße,27,80802,München,,48.1581861,11.5845671,False,77.27665630362318,148,0.020213833118921252,,
Optik Heigl,Bahnhofstraße,10,85250,Altomünster,,48.3869595,11.2548429,False,112.20983295517608,3,9.627604667778577,,
Optik Henseler,Marktstraße,20,83317,Teisendorf,,47.8497845,12.8223186,False,57.3037750781932,0,11.036500190653145,https://www.optik-henseler.de/,
Optik Himmer,,,,,,48.7646651,11.4258899,False,142.38359555301585,15,0.07180903553498338,,
Optik Hirschhuber,Brückenstraße,6,84453,Mühldorf a. Inn,,48.2394364,12.5271838,False,77.74869887517197,7,0.32782406290376503,http://www.brilleundmehr.de/,
Optik Hirschhuber,Unterer Marktplatz,5,84405,Dorfen,,48.2733207,12.1512845,False,76.73550291444276,5,0.1569193890899976,https://www.hirschhuber.de,+49 8081 8960
Optik Hohenrein,Salzburger Straße,19,83329,Waging am See,,47.933931,12.7357401,False,57.70118615042172,6,9.65789665420969,,
Optik Holinka,,,,,,48.1464505,11.4622669,False,81.74697749608524,134,0.21324141285109643,https://www.optik-holinka.de/,+49 89 883508
Optik Hutter,Lenbachplatz,3,86529,Schrobenhausen,,48.5616315,11.2654699,False,127.7400313799027,2,0.09846580000671495,https://optik-hutter.de,+49 8252 2185
Optik Johannes,Bahnhofstraße,27,85238,Petershausen,,48.4120043,11.4704649,False,105.71069154878897,2,8.733720462805607,https://www.johannes-optik.de/,+49 8137 8426
Optik Jürgen Weiß,,,,,,48.1309578,11.6169316,False,73.42239219803403,156,0.861114757517269,,
Optik Kaiser - Institut für Contactlinsen,Eversbuschstraße,133,80999,München,,48.1935542,11.4591208,False,85.95427185618335,71,0.6200750753533159,http://www.haunreiter.de,
Optik Kantwerk,Bahnhofstraße,27,82377,Penzberg,,47.751262,11.3753885,False,62.128772219296536,2,0.06877808504803946,https://www.optik-kantwerk.de/,+49 8856 939369
Optik Kellner,Waldfriedhofstraße,88,81377,München,,48.1124137,11.5045956,False,76.82855775014424,154,1.290855602806345,https://www.optik-kellner.de/,+49 89 7147463
Optik Kind Geretsried-Zentrum II,Sudetenstraße,10,82538,Geretsried,,47.8582565,11.4828895,False,59.59320145145291,5,2.255330770529589,https://www.kind.com/de-de/fachgeschaefte/Geretsried-Zentrum-II/,+49 8171 52658
Optik Kleinert,Bahnhofstraße,2,83435,Bad Reichenhall,,47.7251357,12.8782447,False,55.58003608000186,3,0.1073659026691875,https://optik-kleinert.de,+49 8651 83 60
Optik Kleinert,Marktplatz,19,83471,Berchtesgaden,,47.6325379,13.0010298,False,62.78669122941991,2,0.3256521926049172,https://optik-kleinert.de,+49 8652 33 40
Optik Klockau,,,,,,48.1667166,11.5769387,False,78.3789959522233,145,0.1594777187394145,,+49 89 393485
Optik Knopp,Röntgenstraße,5,82152,Planegg,,48.1090369,11.4500323,False,79.23182809743363,97,1.7412472283571594,https://www.optik-knopp.de/,
Optik Koch,Herrenstraße,10,86911,Dießen am Ammersee,,47.9480862,11.1013484,False,89.36094957898575,6,0.24125692707050173,https://www.optik-koch.de/,+49 8807 4626
Optik Koller,,,,,,48.8924012,11.1833238,False,162.76445298953146,1,0.11667321761165844,https://www.optik-koller.de,+49 8421 99824
Optik Kronwinkler,,,,,,48.1695787,12.8311888,False,81.88943975805626,4,0.2287464703523307,,
Optik Kürner,,,,,,48.1620789,11.5841077,False,77.65335618265034,146,0.09260820035854839,,
Optik Lachenmaier,Bahnhofstraße,2b,85540,Haar,,48.1106112,11.7293674,False,67.10474435716856,43,0.37489633655114774,,
Optik Leder,Robert-Koch-Straße,17,84489,Burghausen,,48.1714175,12.8284728,False,81.92959240857806,4,0.14862170259621513,,
Optik Lenggries,,,,,,47.6801149,11.5745637,False,45.65808726680838,4,8.781388310862708,,
Optik Liebl,,,,,,48.0502003,10.8764527,False,109.43645938810207,7,0.05463117976842743,,
Optik Lochner,Marktplatz,9,85614,Kirchseeon,,48.07112,11.8892387,False,58.0633349110244,12,0.023388373417892995,,+49 8091 5639600
Optik Lochner,,,,,,48.0767128,11.9682194,False,56.83040068612363,6,0.11707279758306355,,
Optik Lochner,Leibstraße,1,85540,Haar,,48.1075563,11.7315037,False,66.73087603392018,40,0.37489633655114774,,
Optik Marx,Augustenstraße,110,80798,München,,48.1542025,11.566403,False,77.68456503343641,150,0.3635314289697138,,
Optik Matt,,,,,,47.9654909,12.5857117,False,52.78727613324249,3,0.10126823601527835,,
Optik Matt,Kirchzeile,20,83043,Bad Aibling,,47.8649137,12.0110903,False,33.40738261609213,18,0.09064045895747257,https://matt.de/standorte/optiker-bad-aibling/,+49 8061 93 93 051
Optik Maurer,,,,,,48.0694206,11.377699,False,79.94496701057315,26,0.09341830155270271,,
Optik Mayer,Nymphenburger Straße,181,80634,München,,48.1560112,11.5315333,False,79.37304537255017,150,0.31605417231303257,,
Optik Meier,Schlüterstraße,5,85057,Ingolstadt,,48.7697408,11.3983233,False,143.70135200782556,15,1.8954359674388688,https://meier-optik.de,+49 841 480670
Optik Meirandres,Münchener Straße,4,82131,Gauting,,48.0658454,11.3812006,False,79.48516059746198,26,0.3533401891649699,https://www.optikmeirandres.de/,+49 89 8508858
Optik Melzer,Rosenheimer Landstraße,56,85521,Ottobrunn,,48.0632702,11.6619423,False,65.33350937674194,58,0.14422043884292662,,
Optik Messbacher,,,,,,47.7788071,12.4527213,False,30.513767219957227,3,0.23801012683237152,,
Optik Messbacher im Ruffinihaus,,,,,,48.1362813,11.5730629,False,75.77795741562332,158,0.07806994825359441,https://optik-ruffinihaus.de/,
Optik Michaela Bucher,,,,,,47.7881216,11.8314975,False,33.886739559712076,7,0.01311479787141402,,
Optik Millan,Bahnhofstraße,40,82377,Penzberg,,47.7530195,11.3779669,False,62.00290742351485,2,0.27449725639557077,https://www.optik-millan.de/,+49 8856 4214
Optik Muffang,Hauptstraße,28,85579,Neubiberg,,48.0751691,11.6653807,False,66.2709769673165,91,0.8904712104779242,,
Optik Nixdorf,,,,,,48.1690675,11.3227507,False,90.577141427309,25,0.2850027541881446,http://optiknixdorf.de,
Optik Novotny,,,,,,47.7513548,11.8388012,False,30.855960512249087,10,1.5206331081239477,,
Optik Obermaier,,,,,,47.7965666,10.9245278,False,95.95211205139134,4,2.5914186282050298,,
Optik Paradies Suchy,Sendlinger Straße,60,80331,München,,48.1343748,11.5681936,False,75.81989248277306,156,0.022031247740839425,,
Optik Parzinger,Färbergasse,6,83043,Bad Aibling,,47.8650227,12.0097999,False,33.452480519058774,18,0.09702202337159276,https://www.optik-parzinger.de/,+49 8061 5088
Optik Pfleger,,,,,,48.1763557,11.7544739,False,72.75847925075597,24,1.4059290947843828,,
Optik Rath,,,,,,47.7886892,11.830953,False,33.95924308044556,7,0.0537518476731748,,
Optik Reiniger,,,,,,48.0620308,11.6761661,False,64.61348269158378,49,0.35160815438385584,,
Optik Riess,Ainmillerstraße,22,80801,München,,48.1588482,11.5808534,False,77.49326771031795,148,0.1078208120268162,,
Optik Rischpler,Am Harras,11,81373,,,48.1170778,11.5389801,False,75.60930487280007,159,0.10508872478576645,https://optik-rischpler.de/,+49 89 761716
Optik Schaffernicht,Eschenstraße,14,82024,Taufkirchen,,48.05156,11.6074983,False,66.74153938642111,87,0.4087540332390783,,
Optik Scheere,Bräuhausgasse,9,,,,48.3070654,11.9085648,False,82.74379993648992,7,0.055887922248961594,https://www.erding.optik-scheere.de/,+49 8122 18337
Optik Schlierf,Ostpreußenstraße,38,81927,München,,48.1501153,11.6408059,False,74.23820759800327,141,0.9493543490235214,https://www.optikschlierf.de/,
Optik Schmeidl,,,,,,47.8829129,11.9151455,False,38.26038749134095,8,0.1611499192081973,https://optik-schmeidl.de/,+49 8062 80120
Optik Schneider,Am Kurpark,3,82467,Garmisch-Partenkirchen,,47.4945604,11.0920651,False,81.26974564627237,5,0.08534141073536385,https://optik-schneider.de,
Optik Schölzel GmbH,Griesstraße,13,85567,Grafing bei München,,48.0436932,11.9672109,False,53.31666241705268,7,0.19661525116298784,,+49 8092 7679
Optik Seidel,,,,,,48.1711417,11.8074358,False,70.64346155722546,18,3.762188277269001,,
Optik Seidel,Marktplatz,23,85567,Grafing bei München,,48.0454357,11.9667616,False,53.51201169029461,7,0.19661525116298784,https://www.optikseidel.de/,+49 8092 4581
Optik Seidl,,,,,,48.0768202,11.969787,False,56.81153721669287,6,0.11707279758306355,,
Optik Sieber,Bahnhofstraße,24,82131,Gauting,,48.0684072,11.3783872,False,79.83136442909625,26,0.03865749647697773,,
Optik Springer,Bahnhofstraße,43,82152,Planegg,,48.104645,11.416019,False,80.61650935959386,51,0.030929242782806024,,
Optik Stang,Innsbrucker Straße,1,82481,Mittenwald,,47.4383104,11.2603272,False,69.95740026230303,0,12.84155862699901,,
Optik Stock,Bunzlauer Straße,14,80992,München,,48.1804945,11.5078429,False,82.60535205433402,142,0.2794556966447588,,
Optik Stratz,Alter Messeplatz,6a,80339,München,,48.1348556,11.545624,False,76.86610406120968,156,0.2353778754811761,,
Optik Stratz,,,,,,48.1357652,11.5411323,False,77.14883528436117,158,0.08329851475203899,https://www.optik-stratz.de/,+49 89 506501
Optik Straßer,,,,,,47.7644427,12.7468665,False,47.88141712203455,1,7.506228272661647,https://www.ritter-optik.de/,
Optik Studio Geyer,Schrannenplatz,5,,,,48.3061076,11.9076396,True,82.65631684458569,7,0.06946850118631827,https://www.qs-optiker.de/erding,+49 8122 93344
Optik Studio Markt Schwaben,Am Kupferschmiedberg,2,85570,Markt Schwaben,,48.1913726,11.8689744,True,71.16584219540587,5,0.06401571135278372,,
Optik Tewes,Ledererzeile,16,83512,Wasserburg am Inn,,48.0623398,12.2310123,False,53.482830533737676,3,0.1024052022020091,,
Optik Tischler,Otto-Wagner-Straße,8,82110,Germering,,48.1260491,11.3659222,False,84.92351043131782,36,0.2056410536812059,,
Optik Trepl GmbH,Bahnhofstraße,17,83278,Traunstein,,47.8690659,12.6414685,False,47.652589487651596,6,0.09804790551869426,,
Optik Uebelhör,Pilgersheimer Straße,62,81543,München,,48.1136188,11.5716752,False,73.81597795445329,165,0.6983506472313378,https://optik-uebelhoer.de/,+49 89 662604
Optik Vitzthum,,,,,,48.2829976,11.5798107,False,89.24639333866575,18,0.03235168007262394,https://optik-vitzthum.de/,+49 89 3107917
Optik Vogel,Sonnenstraße,32,80331,,,48.1342553,11.5656821,False,75.91969871129714,156,0.10006373442800662,https://www.optik-vogel.de/,+49 89 5501112
Optik Vogel,Richard-Strauss-Straße,33,81677,München,,48.1420202,11.6149835,False,74.52353798145057,152,0.7852531498363854,,
Optik Walger,Nymphenburger Straße,156a,80634,München,,48.1527502,11.5346719,False,78.94327819027619,150,0.04900275003273005,,
Optik Walter,,,,,,48.16189,11.2245798,False,95.272507897922,15,2.843475629741059,https://www.optik-walter-ffb.de/,+49 81 41 36 39 30
Optik Wamsler,Forstenrieder Straße,3,82061,Neuried,,48.0929438,11.466509,False,77.08768809032608,97,1.092999806873306,,
Optik Weiglein,Putzbrunner Straße,29,85521,Ottobrunn,,48.0671767,11.6661329,False,65.50904706942809,66,0.39370652651332455,,
Optik Werber,,,,,,48.0990052,11.5188644,False,75.00625116925615,153,0.5018169517969968,,
Optik Westermeier,Lassallestraße,95,80995,München,,48.1980181,11.5346919,False,83.02248887715075,135,1.6067944437579618,https://www.optik-westermeier.de/,+49 89 1503620
Optik Wimmer & Blain GmbH,Schaumburgerstraße,25,83278,Traunstein,,47.8703806,12.6474272,False,48.08223873313262,7,0.22914581872642328,,
Optik Windbichler,Hausbachweg,5,83242,Reit im Winkl,,47.6778743,12.468185,False,24.91949522582806,0,11.282670264148072,https://www.uhrenschmuck-optik.de,+49 8640 8180
Optik Zankl,,,,,,48.5568028,11.7423181,False,112.74745881901751,1,9.996591691223774,,
Optik Zorzi,Poststraße,46,83435,Bad Reichenhall,,47.7242628,12.8773229,False,55.4867645271428,3,0.10320958044774164,,
Optik am Markt,Marktplatz,6,85456,Wartenberg,,48.4047961,11.9892112,False,92.29611310433283,4,7.976655923957443,https://www.optik-a-markt.de/startseite/,
Optik am Nordbad,Elisabethstraße,51,80796,München,,48.1595457,11.564086,False,78.26861247865607,146,0.45409793020735867,,
Optik am See,,,,,,47.9965977,11.1709543,False,87.43854421765286,6,0.22268052666781496,,
Optik optimal,Räterstraße,19,,,,48.1639172,11.7578765,False,71.40014125951977,26,1.4059290947843828,https://optik-optimal.de/,+49 89 9038831
Optik- und Akustikhaus,,,,,,48.062626,12.7676782,False,69.66966557183623,0,12.072144166997244,,
Optik-Haus Walter,,,,,,48.2618793,11.4748006,False,91.38600046073272,22,2.4642554419320675,,
OptikHaus Haberkorn,Pöltnerstraße,13,82362,Weilheim in Oberbayern,,47.8381305,11.1418993,False,81.74341093269844,4,0.14119776002648932,,
Optiker Sturber,,,,,,48.6855779,11.6127725,False,129.2764871329029,4,0.052519973045615086,,
Optikhaus Giesing,,,,,,48.1093809,11.5786172,False,73.1291326877448,163,0.6983506472313378,,
Optikhaus Wolf,,,,,,48.118576,11.4288762,False,81.07786009254119,68,0.05002902127846001,,
Optique,,,,,,47.8551759,12.1243072,False,30.397145202152394,17,0.040526665043122224,,
Optoreha GmbH,Junkersstraße,2,82178,Puchheim,,48.1617687,11.3430155,False,88.94783299128235,35,1.3088464484305105,https://optoreha.de/,+4989159096030
Paul Mayer Augenoptik,Marienstraße,1,,,,47.8686264,12.6458151,False,47.863066059308395,7,0.05729310938970588,https://www.paul-mayer.de/,+49 861 2099614
Pauls Brillen,Nikolausstraße,5,84518,Garching an der Alz,,48.1320161,12.582724,False,68.45558092104291,0,11.65701979014372,https://www.pauls-brillen.de/,
Piller,,,,,,48.1897663,11.8681435,False,71.01567050837342,5,0.12508447207013673,,
Prisma Optik,Leuchtenbergstraße,2,85737,Ismaning,,48.2290815,11.671399,False,80.74228130171848,31,0.45447803317620755,,
Pupille Optik,,,,,,48.1317366,11.5766557,False,75.21242486259038,160,0.011072450405026368,,
Rainbow Optik,Marktplatz,10,85614,Kirchseeon,,48.0709265,11.8891153,False,58.04653664742342,12,0.023388373417892995,,+49 8091 567964
Ray-Ban,Kaufingerstraße,9,80331,München,,48.137477,11.5733154,False,75.87458997882078,158,0.04630642363737522,,
Reichhart,Münchener Straße,93,85051,Ingolstadt,,48.7434482,11.4340915,False,139.97726731829803,15,1.5213381691025363,,
Reitberger,,,,,,48.2578141,11.5569878,False,87.69037369636456,28,3.088392832423944,,
Reitberger Optik,Kistlerhofstraße,111,81379,München,,48.0945106,11.519473,False,74.59680004673277,155,0.5018169517969968,https://reitberger-optik.de/,+49 89 189378880
Retro Optik,Viktoriastraße,25,80803,München,,48.1662243,11.5789584,False,78.24932672249416,145,0.1594777187394145,,
Richter Optik,Weißenburger Straße,33,81667,München,,48.1284383,11.6007353,False,73.87476484817496,158,0.02666626045159593,,
Riedl & Reif Augenoptik,Landshuter Straße,17,85356,Freising,,48.4048807,11.7542215,False,96.37368634312507,9,0.5966639194069431,https://www.feineaugenoptik.de/,+49 8161 232913
Ritter,Kantstraße,1,83301,Traunreut,,47.9637677,12.5915918,False,52.89604135454187,3,0.2873319045343833,,
Rosset,,,,,,48.1180713,11.5402184,False,75.63863787241829,160,0.02961599384391012,,
SEHHAUS Herrsching,,,,,,47.9984191,11.1721983,False,87.46509917525336,6,0.22268052666781496,,
SKORUPA Augenoptik,Kreillerstraße,63,81673,München,,48.1267379,11.6409482,False,72.04347806979945,145,0.03533057670320742,https://augenoptik-skorupa.de/,+49 89 43670894
Scheuerer,,,,,,48.3515293,12.1298079,False,85.46746134514024,4,0.9103953369768066,,
Schindler's Augenoptik,Seybothstraße,17,,München,,48.090457,11.5643246,False,72.12214259774831,151,2.3567652670079484,,+49 89 6253605
Schmidt Optik am Theater,Mauthstraße,10,85049,Ingolstadt,,48.7634663,11.4269043,False,142.23184993582768,15,0.08520041305945163,https://schmidtoptikamtheater.de/,+49 8419 315222
Schöller,,,,,,48.118026,11.4308273,False,80.93433277238616,66,0.1572190429409324,,
Schönweitz Optik,Schlierseestraße,,81539,München,,48.1113265,11.5947878,False,72.58582566094769,156,1.156949522968158,,
Schönweitz Optik,Willy-Brandt-Platz,5,81829,München,,48.1317249,11.6928286,False,70.48947060727316,121,0.08865179479320932,,
Sedlmair Optik,Wendelsteinstraße,13,82031,Grünwald,,48.0315491,11.5244129,False,69.17432092696895,30,1.0287696448780688,https://www.sedlmair-optik.de/,+49 89 649 152 20
Seeoptik,Alte Rathausstraße,1,83209,Prien am Chiemsee,,47.8554165,12.344084,False,33.03984660800365,3,0.1852748292064851,https://www.see-optik.de,+49 8051 63400
SehRose Optik,Zweibrückenstraße,19,80331,München,,48.1328283,11.5843151,False,74.97801960385405,160,0.3454175851668643,,
Sehen und Hören Chiemsee,,,,,,47.8272411,12.482516,False,35.97542383536456,2,5.827252772754825,,
Sehenswert,Kirchzeile,4,83043,Bad Aibling,,47.8640986,12.0111035,False,33.32212874871252,18,0.07775507652977356,https://www.sehenswertaugenoptik.de/,+49 8061 37 00 467
Sehenswert,Bahnhofstraße,17,85296,Rohrbach an der Ilm,,48.6068592,11.5678057,False,122.19585689095237,8,4.321126431158667,https://www.sehenswert-augenoptik.de,
Sehenswert Optiker,Hofstatt,21,83512,Wasserburg am Inn,,48.0621584,12.2326225,False,53.47367242599841,3,0.1213488914719477,https://www.sehenswert-optiker.de/,+49 8071 94434
Sehenswert.optik,Hauptstraße,4,82433,Bad Kohlgrub,,47.6670615,11.0548386,False,83.84441790993036,0,10.978267511544738,https://www.sehenswertoptik.de,
Sehform,,,,,,48.0500219,10.8771375,False,109.38218494219309,7,0.05463117976842743,,
Seyfert,,,,,,48.1714982,11.7211224,False,73.36255015160451,34,2.531404088352618,,+49 89 9037959
Seytter,,,,,,48.1287459,11.592947,False,74.23631140321386,158,0.05662009941730254,,
Sichtbar Optik,Am Wörth,3,85354,Freising,,48.3990714,11.7419438,False,96.05887279829348,9,0.12518930321345043,https://www.sichtbar-optik.com/,+49 81613808
Sichtbetont,,,,,,48.7645369,11.4286323,False,142.29214429888495,15,0.1336259885261015,,
Sichtwerkstatt,,,,,,48.2719132,12.1514381,False,76.57884285540024,5,0.1569193890899976,,
Sichtwerkstatt,Münchner Straße,6,84424,Isen,,48.2124887,12.0566697,False,70.44190449553228,3,9.639187581671358,http://www.sichtwerkstatt-dorfen.de,
Sportoptik Michaela Bucher,,,,,,47.7881115,11.8313226,False,33.89568228264855,7,0.01311479787141402,,
Star Optik,,,,,,48.1210221,11.548177,False,75.53173494046845,159,0.6479650880923495,,
Steimeyer Augenoptik,Ottostraße,7,85521,Ottobrunn,,48.0598665,11.6670354,False,64.80579336677849,52,0.37688306711510344,,
Straßer Optik,Marktler Straße,3b,84489,Burghausen,,48.1675557,12.8317486,False,81.73639477137154,4,0.2287464703523307,,
Sunglass Hut,Otto-Hahn-Straße,1,,,,48.783614,11.4808869,False,142.82429716859608,15,0.07688648045624621,,
Sunglasses by Pfendt Optic,Otto-Hahn-Straße,1,,,,48.7829969,11.4804135,False,142.772787951882,15,0.07688648045624621,,
Söhnges Exklusiv Optik GmbH,Brienner Straße,7,,München,,48.1428482,11.57601,False,76.24275023338049,152,0.16527454418710702,,
Südblick Augenzentrum Perlach,,,,München,,48.1000483,11.6309765,False,70.00109363749233,147,0.043255860654726794,https://www.suedblick.de/,
Tanneck,Münchner Straße,42,85221,Dachau,,48.2539497,11.4399317,False,92.16410715973115,19,0.02322044439820014,https://www.optik-tannek.de/optik-tannek-in-dachau.html,
Tannek,,,,,,48.3100813,11.1949132,False,108.48678975652369,1,9.627604667778577,,
Tegernseh Optik,,,,,,47.7082992,11.7547036,False,33.84933230569012,6,1.885366465959594,https://tegernseh.de,
ThomaVision,,,,,,48.1272646,11.5964127,False,73.95307983429812,156,0.14306377756832275,,
Top Optik,Robert-Koch-Straße,56,84489,Burghausen,,48.1709515,12.8265944,False,81.80401713266181,4,0.14862170259621513,,
Toxtox,Ainmillerstraße,1,80801,München,,48.1582759,11.5841508,False,77.30234472117915,148,0.0324536035901839,,
Trend Optic,,,,,,48.1471474,11.5611267,False,77.27603416585129,152,0.2895647253080588,,
Trend Optik,Plinganserstraße,35,81369,München,,48.1181148,11.540612,False,75.62428182116302,160,0.02961599384391012,https://trendoptic.de/,+49 89 7 25 68 68
TrendOptic,Leopoldstraße,76,80802,München,,48.1606386,11.5863407,False,77.42778040747147,148,0.09249564446617228,,
Trieb Optik Hörgeräte oHG,Fridtjof-Nansen-Straße,2,83301,Traunreut,,47.9615527,12.5935792,False,52.789289368547735,3,0.2873319045343833,,
Trio Optik,Nußbaumstraße,4,80336,München,,48.133633,11.5647081,False,75.9070038372105,156,0.10006373442800662,,+49 89 54506913
Truderinger Sehhaus,Truderinger Straße,302,81825,München,,48.122295,11.6690335,False,70.5046935181685,137,1.9594695394630648,,
Tölzer Optik & Akustik,,,,,,47.7612881,11.561434,False,49.45244084218652,4,0.1357025772353272,https://toelzer-optik-akustik.de,+4980413201
Uhren Schmuck Augenoptik Hitzl,Prof.-Lebsche-Straße,4,85625,Glonn,,47.9872413,11.8663002,False,50.21143156153818,6,8.757262499082373,http://www.hitzl.de/,+49 8093 9180
VISION OPTIK,Augustinerring,6,85229,Markt Indersdorf,,48.3599878,11.3818481,False,104.27032482816469,3,0.2527840988295135,https://www.vision-optik.de/,
VIU,Feilitzschstraße,3,80802,München,,48.1617135,11.5875095,False,77.47801607412264,147,0.016339783649739075,,
VIU Flagshipstore,,,,,,48.1318494,11.5754429,False,75.27555570938652,160,0.08213732084735963,,
Vogl Optikstudio,Bahnhofstraße,4,85375,Neufahrn b. Freising,,48.3135278,11.6637081,True,89.42249516013392,13,0.055610038289343286,https://www.vogl-optikstudio.de/,
Weber,Hauptstraße,23,82234,Weßling,,48.0766269,11.2520491,False,87.58302721433196,8,4.900978808753382,,
Weber,Kleiner Platz,6,,,,48.3066272,11.9081947,False,82.70284078967192,7,0.055887922248961594,https://brillen-weber.de,+49 8122 8210
Weindl,Ludwigstraße,72,84524,Neuötting,,48.2402937,12.6873356,False,82.71994598886798,5,0.034631129190181915,https://www.augenoptik-weindl.de/,+49 8671 927276
Weiss Optik,,,83301,,,47.966389,12.585486,False,52.85755934104457,3,0.10126823601527835,,
Wendelstein Optik,,,,,,47.7364895,12.105925,False,17.631554680387787,1,5.998741059250944,https://wendelstein-optik.de/,+49 8034 3334
Widmann,Lange Zeile,12,,,,48.3075209,11.9073489,False,82.81412065420318,7,0.05629182347996708,https://widmann-erding.de/,+49 8122 892553
Wiedenmann,Marienplatz,2,83410,Laufen,,47.9398651,12.9367152,False,69.89035393584898,0,11.575254608508182,http://www.optikhaus-laufen.de,+49 8682 7651
Wiedenmann,Hauptstraße,26,,Freilassing,,47.8381029,12.9814075,False,67.21906534301183,3,0.13641623588610952,https://wiedenmann-optik.de,
Wilhelm,Innstraße,16,83022,Rosenheim,,47.8550412,12.130199,False,30.33941022926866,17,0.23696412661475258,,+49 8031 38 21 06
Wittmann,Martin-Ofner-Straße,3,84508,Burgkirchen an der Alz,,48.1682645,12.7301619,False,77.43945562845137,9,7.157584847598416,,
Wohlschläger,,,,,,48.1479344,11.6053686,False,75.46694369687455,146,0.0274436937824065,,+49 89 99807380
Wolf,Siegfriedstraße,9,80803,München,,48.1628818,11.5844395,False,77.71334269229612,146,0.09260820035854839,,
Wörle,Augustenstraße,6,80333,München,,48.1446225,11.5601714,False,77.09087418112803,152,0.2895647253080588,,
Zeiss Vision Center,Theresienhöhe,5,80339,München,,48.1369132,11.5463689,False,77.01481586462467,155,0.2353778754811761,https://www.zeiss.com/zeiss-vision-center/en/de/muenchen.html?vaURL=www.zeissvisioncenter.com/muenchen-schwanthalerhoehe,+49 89 939219-27
ace & tate,Hohenzollernstraße,23,80801,München,,48.1598104,11.5810333,False,77.5738638939468,148,0.1078208120268162,,
aktiv Optik,Hauptstraße,14,83395,Freilassing,,47.8393189,12.9816497,False,67.29194212272928,3,0.10387614304697178,,
artoptik,Aschheimer Straße,7,85622,Feldkirchen,,48.1478241,11.728813,False,70.76259812978998,41,2.693540159707804,,
augenart Optik,,,,,,48.056675,11.5228983,False,71.28213256700573,85,0.009260840278704266,https://www.zk6.de/,
brillen.de,,,,,,48.2600797,11.4329624,False,93.01889377570096,13,0.030728126818822032,,
brillen.de,Josephspitalstraße,15,80331,München,,48.136416,11.5661531,False,76.09245939509242,155,0.19733729688514928,https://www.brillen.de/,
brillen.de,Grimmerweg,4,82008,Unterhaching,,48.0551945,11.6066742,False,67.0947161567189,96,0.4087540332390783,,
eyes + more,,,,,,48.7644504,11.4268139,False,142.3351953404188,15,0.02542749020611204,,
eyes and more,,,,,,48.1482108,11.4638334,False,81.82150690146158,134,0.1887212633021935,,
eyesee,,,,,,48.1362793,11.5743715,False,75.72076124905057,157,0.097107891827509,,
glasses Optik,,,,,,48.0808295,11.5263407,False,73.11221167707757,139,0.21202423247696184,https://glasses-optik.de/,+49 89 7914165
hatzmann,Marienplatz,16,82362,Weilheim in Oberbayern,,47.8396969,11.1415659,False,81.82624831782009,4,0.038992962828391174,https://hatzmann.net/,+49 881 5695
lieblingsBrille Augenoptiker,Kreillerstraße,65,81673,München,,48.1266988,11.6414206,False,72.02065323888276,145,0.03533057670320742,https://www.lieblingsbrille-optik.de,+49 89 37417280
meine Brille,Ludwigstraße,98/100,84524,Neuötting,,48.2400406,12.6890982,False,82.75685782325839,5,0.12532089752848316,,+49 8671 88 32 48
niki Augenoptik,,,,,,48.1278939,11.3657275,False,85.07886228452927,38,0.057393642855030264,,
optik am eck,Marktplatz,3,84416,Taufkirchen (Vils),,48.3433607,12.1306416,False,84.55764093643896,4,0.9103953369768066,https://www.optikameck.de/,+49 8084 258788
optikuss,,,,,,48.0492594,10.8757767,False,109.4320927725489,7,0.046728678522916976,https://www.optikuss-landsberg.de/,
pro optik,,,,,,48.1384185,11.5656596,False,76.29366976337144,154,0.018024489257180875,,
pro optik,Wasserburger Landstraße,210,81827,München,,48.1129896,11.701216,False,68.37838594502465,86,0.061305638550821086,,
pro optik,Römerstraße,49,82205,Gilching,,48.1103363,11.2978375,False,87.39720466639365,26,0.40286981311332176,,
pro optik,Tegernseer Landstraße,33,,,,48.1173938,11.5821276,False,73.68640738819242,164,0.15528122058860722,,
pro optik,Einsteinstraße,127,,,,48.1363709,11.6086335,False,74.26646597313747,156,0.7852531498363854,,
pro optik,Friedrich-Fischer-Straße,2,,,,48.3062094,11.9067129,False,82.6834567570394,7,0.06946850118631827,https://www.prooptik.de/erding/,+49 8122 2 27 64 77
pro optik Unterschleißheim,Bezirksstraße,24,85716,Unterschleißheim,,48.2827661,11.5793689,False,89.24013458235493,19,0.041609351857337655,https://www.prooptik.de/optik-zentrum/unterschleissheim,
robra Optik,Pelkovenstraße,59,80992,München,,48.1819773,11.5172307,False,82.32374778344658,143,0.40571938118002154,,
schwabrillon,Tengstraße,16,80798,München,,48.1570179,11.5688942,False,77.83329122753028,148,0.3635314289697138,,
smykker,,,,,,48.1283853,11.5973595,False,74.0142071540429,158,0.0680895194504962,,
trendOptic,Bäckerstraße,4,81241,München,,48.1483101,11.461294,False,81.95145205470308,133,0.062309441834166666,,
trendOptic,,,,,,48.1281952,11.6019413,False,73.801232281139,158,0.0676123705528103,,
trendOptic TELA GmbH,Tegernseer Landstraße,47,81541,München,,48.1162744,11.580877,False,73.64176036894688,164,0.15528122058860722,,
,,,,,,47.7882327,11.0609978,False,85.84728209679754,4,8.202455286610691,,
